rank,trend,mentions,category
1,Trump,691,Politics
2,Cake,401,Other
3,Cake Day,395,Other
4,Night,393,Other
5,King,386,Other
6,Happy,327,Other
7,Night King,294,Other
8,Karma,280,Other
9,Trading,278,Other
10,Happy Trading,277,Other
11,Submission,277,Other
12,Submission Karma,277,Other
13,Google,218,Technology
14,Marvel,211,Entertainment
15,Spoiler,157,Other
16,China,156,Other
17,White,151,Other
18,Russia,145,Other
19,Iron,137,Other
20,Black,137,Other
21,YouTube,136,Technology
22,Captain,130,Other
23,American,127,Other
24,Europe,125,Other
25,America,120,Other
26,Mods,119,Other
27,Msg Mods,118,Other
28,United,117,Other
29,Disney,116,Entertainment
30,Obama,110,Politics
31,Biden,109,Politics
32,Fortnite,107,Gaming
33,Twitter,100,Technology
34,States,99,Other
35,Spoiler Warning,99,Other
36,Warning,99,Other
37,Infinity,96,Other
38,Xbox,90,Gaming
39,Messi,89,Other
40,Star,88,Other
41,United States,85,Other
42,John,80,Other
43,Facebook,80,Technology
44,Netflix,79,Entertainment
45,AskReddit,79,Other
46,World,78,Other
47,South,77,Other
48,Captain Marvel,76,Entertainment
49,Iron Man,76,Other
50,Mueller,75,Other
